IP_ADDRESS,TEST_DATE,TIME_ZONE,DOWNLOAD_MEGABITS,UPLOAD_MEGABITS,LATENCY_MS,SERVER_NAME,DISTANCE_MILES,CONNECTION_MODE,SERVER_COUNT,WEATHER,TEMPERATURE,CONNECTED_DEVICES,CONNECTION_TYPE,DOWNLOAD_INDICATOR,UPLOAD_INDICATOR,PROVIDER
181.135.34.76,8/1/2021 19:08,GMT,107.64,13.8,152,Madrid,5000,multi,1,nublado,23,2,cable,0.897,2.76,Tigo
181.135.34.76,8/1/2021 19:06,GMT,138.34,13.79,15,Bogotá,150,multi,1,nublado,23,2,cable,1.152833333,2.758,Tigo
181.135.34.76,8/1/2021 19:05,GMT,136.56,13.85,9,Medellín,0,multi,4,nublado,23,2,cable,1.138,2.77,Tigo
181.135.34.76,8/1/2021 9:09,GMT,132.66,13.63,153,Madrid,5000,multi,1,muy nublado,23,1,cable,1.1055,2.726,Tigo
181.135.34.76,8/1/2021 9:08,GMT,128.29,13.71,16,Bogotá,150,multi,1,muy nublado,23,1,cable,1.069083333,2.742,Tigo
181.135.34.76,8/1/2021 9:07,GMT,136.57,13.85,9,Medellín,0,multi,4,muy nublado,23,1,cable,1.138083333,2.77,Tigo
181.135.34.76,7/31/2021 19:13,GMT,109.68,12.23,153,Madrid,5000,multi,1,parcialmente nublado,22,1,cable,0.914,2.446,Tigo
181.135.34.76,7/31/2021 19:12,GMT,138.37,13.84,17,Bogotá,150,multi,1,parcialmente nublado,22,1,cable,1.153083333,2.768,Tigo
181.135.34.76,7/31/2021 19:11,GMT,137.37,13.81,9,Medellín,0,multi,4,parcialmente nublado,22,1,cable,1.14475,2.762,Tigo
181.135.34.76,7/31/2021 14:10,GMT,129.03,13.71,156,Madrid,5000,multi,1,parcialmente nublado,30,1,cable,1.07525,2.742,Tigo
181.135.34.76,7/31/2021 14:09,GMT,138.18,13.84,17,Bogotá,150,multi,1,parcialmente nublado,30,1,cable,1.1515,2.768,Tigo
181.135.34.76,7/31/2021 14:08,GMT,127.94,13.84,10,Medellín,0,multi,4,parcialmente nublado,30,1,cable,1.066166667,2.768,Tigo
181.135.34.76,7/31/2021 9:13,GMT,100.58,13.66,158,Madrid,5000,multi,1,parcialmente nublado,25,1,cable,0.838166667,2.732,Tigo
181.135.34.76,7/31/2021 9:12,GMT,138.18,13.84,18,Bogotá,150,multi,1,parcialmente nublado,25,1,cable,1.1515,2.768,Tigo
181.135.34.76,7/31/2021 9:11,GMT,137.96,13.84,9,Medellín,0,multi,4,parcialmente nublado,25,1,cable,1.149666667,2.768,Tigo
181.135.34.76,7/30/2021 19:10,GMT,76.69,13.63,148,Madrid,5000,multi,1,parcialmente nublado,23,2,cable,0.639083333,2.726,Tigo
181.135.34.76,7/30/2021 19:08,GMT,137.46,13.81,37,Bogotá,150,multi,1,parcialmente nublado,23,2,cable,1.1455,2.762,Tigo
181.135.34.76,7/30/2021 19:07,GMT,136.96,13.81,9,Medellín,0,multi,4,parcialmente nublado,23,2,cable,1.141333333,2.762,Tigo
181.135.34.76,7/30/2021 14:09,GMT,122.02,12.73,157,Madrid,5000,multi,1,parcialmente nublado,28,1,cable,1.016833333,2.546,Tigo
181.135.34.76,7/30/2021 14:07,GMT,138.25,13.84,19,Bogotá,150,multi,1,parcialmente nublado,28,1,cable,1.152083333,2.768,Tigo
181.135.34.76,7/30/2021 14:06,GMT,135.62,13.83,8,Medellín,0,multi,4,parcialmente nublado,28,1,cable,1.130166667,2.766,Tigo
181.135.34.76,7/30/2021 9:07,GMT,101.53,13.76,156,Madrid,5000,multi,1,parcialmente nublado,22,1,cable,0.846083333,2.752,Tigo
181.135.34.76,7/30/2021 9:06,GMT,138.31,13.81,37,Bogotá,150,multi,1,parcialmente nublado,22,1,cable,1.152583333,2.762,Tigo
181.135.34.76,7/30/2021 9:05,GMT,134.41,13.81,9,Medellín,0,multi,4,parcialmente nublado,22,1,cable,1.120083333,2.762,Tigo
181.135.34.76,7/29/2021 19:06,GMT,126.9,13.67,155,Madrid,5000,multi,1,nublado,21,1,cable,1.0575,2.734,Tigo
181.135.34.76,7/29/2021 19:05,GMT,138.38,13.83,28,Bogotá,150,multi,1,nublado,21,1,cable,1.153166667,2.766,Tigo
181.135.34.76,7/29/2021 19:05,GMT,135.37,13.87,10,Medellín,0,multi,4,nublado,21,1,cable,1.128083333,2.774,Tigo
181.135.34.76,7/29/2021 14:17,GMT,105.1,13.62,160,Madrid,5000,multi,1,tormentas eléctricas aisladas,27,1,cable,0.875833333,2.724,Tigo
181.135.34.76,7/29/2021 14:16,GMT,138.19,13.81,28,Bogotá,150,multi,1,tormentas eléctricas aisladas,27,1,cable,1.151583333,2.762,Tigo
181.135.34.76,7/29/2021 14:15,GMT,137.44,13.84,8,Medellín,0,multi,4,tormentas eléctricas aisladas,27,1,cable,1.145333333,2.768,Tigo
181.135.34.76,7/29/2021 9:11,GMT,92.42,13.76,160,Madrid,5000,multi,1,parcialmente nublado,23,1,cable,0.770166667,2.752,Tigo
181.135.34.76,7/29/2021 9:10,GMT,136.39,13.66,25,Medellín,0,multi,1,parcialmente nublado,23,1,cable,1.136583333,2.732,Tigo
181.135.34.76,7/29/2021 9:08,GMT,138.14,13.81,22,Bogotá,150,multi,1,parcialmente nublado,23,1,cable,1.151166667,2.762,Tigo
181.135.34.76,7/28/2021 19:15,GMT,112.98,12.16,149,Madrid,5000,multi,1,muy nublado,22,2,cable,0.9415,2.432,Tigo
181.135.34.76,7/28/2021 19:13,GMT,136.16,13.46,28,Medellín,0,multi,1,muy nublado,22,2,cable,1.134666667,2.692,Tigo
181.135.34.76,7/28/2021 19:12,GMT,138.19,13.57,18,Bogotá,150,multi,1,muy nublado,22,2,cable,1.151583333,2.714,Tigo
181.135.34.76,7/28/2021 14:13,GMT,126.12,13.66,154,Madrid,5000,multi,1,parcialmente nublado,28,1,cable,1.051,2.732,Tigo
181.135.34.76,7/28/2021 14:12,GMT,126.18,13.63,24,Medellín,0,multi,1,parcialmente nublado,28,1,cable,1.0515,2.726,Tigo
181.135.34.76,7/28/2021 14:11,GMT,138.26,13.83,19,Bogotá,150,multi,1,parcialmente nublado,28,1,cable,1.152166667,2.766,Tigo
181.135.34.76,7/28/2021 9:15,GMT,43.59,12.47,166,Madrid,5000,multi,1,muy nublado,21,1,cable,0.36325,2.494,Tigo
181.135.34.76,7/28/2021 9:14,GMT,138.31,13.83,21,Medellín,0,multi,1,muy nublado,21,1,cable,1.152583333,2.766,Tigo
181.135.34.76,7/28/2021 9:13,GMT,138.15,13.83,15,Bogotá,150,multi,1,muy nublado,21,1,cable,1.15125,2.766,Tigo
181.135.34.76,7/27/2021 19:23,GMT,62.74,10.26,168,Madrid,5000,multi,1,nublado,21,2,cable,0.522833333,2.052,Tigo
181.135.34.76,7/27/2021 19:21,GMT,138.33,13.78,21,Bogotá,150,multi,1,nublado,21,2,cable,1.15275,2.756,Tigo
181.135.34.76,7/27/2021 19:20,GMT,137.23,13.7,12,Medellín,0,multi,4,nublado,21,2,cable,1.143583333,2.74,Tigo
181.135.34.76,7/27/2021 14:24,GMT,121.52,13.53,156,Madrid,5000,multi,1,nublado,23,1,cable,1.012666667,2.706,Tigo
181.135.34.76,7/27/2021 14:23,GMT,124.61,13.81,10,Medellín,0,multi,4,nublado,23,1,cable,1.038416667,2.762,Tigo
181.135.34.76,8/1/2021 19:04,GMT,36.83,13.55,201,Madrid,5000,multi,1,nublado,23,2,wifi,0.306916667,2.71,Tigo
181.135.34.76,8/1/2021 19:03,GMT,138.24,13.79,24,Bogotá,150,multi,1,nublado,23,2,wifi,1.152,2.758,Tigo
181.135.34.76,8/1/2021 19:02,GMT,137.46,13.85,11,Medellín,0,multi,4,nublado,23,2,wifi,1.1455,2.77,Tigo
181.135.34.76,8/1/2021 9:05,GMT,80.32,13.09,157,Madrid,5000,multi,1,muy nublado,23,1,wifi,0.669333333,2.618,Tigo
181.135.34.76,8/1/2021 9:03,GMT,138.26,13.85,16,Bogotá,150,multi,1,muy nublado,23,1,wifi,1.152166667,2.77,Tigo
181.135.34.76,8/1/2021 9:03,GMT,132.86,13.74,9,Medellín,0,multi,4,muy nublado,23,1,wifi,1.107166667,2.748,Tigo
181.135.34.76,7/31/2021 19:09,GMT,49.12,12.83,153,Madrid,5000,multi,1,parcialmente nublado,22,1,wifi,0.409333333,2.566,Tigo
181.135.34.76,7/31/2021 19:08,GMT,138.14,13.85,29,Bogotá,150,multi,1,parcialmente nublado,22,1,wifi,1.151166667,2.77,Tigo
181.135.34.76,7/31/2021 19:07,GMT,137.25,13.85,9,Medellín,0,multi,4,parcialmente nublado,22,1,wifi,1.14375,2.77,Tigo
181.135.34.76,7/31/2021 14:06,GMT,49.44,10.16,151,Madrid,5000,multi,1,parcialmente nublado,30,1,wifi,0.412,2.032,Tigo
181.135.34.76,7/31/2021 14:05,GMT,138.35,13.8,18,Bogotá,150,multi,1,parcialmente nublado,30,1,wifi,1.152916667,2.76,Tigo
181.135.34.76,7/31/2021 14:04,GMT,134.95,13.49,11,Medellín,0,multi,4,parcialmente nublado,30,1,wifi,1.124583333,2.698,Tigo
181.135.34.76,7/31/2021 9:09,GMT,131.13,13.15,158,Madrid,5000,multi,1,parcialmente nublado,25,1,wifi,1.09275,2.63,Tigo
181.135.34.76,7/31/2021 9:08,GMT,138.31,13.75,20,Bogotá,150,multi,1,parcialmente nublado,25,1,wifi,1.152583333,2.75,Tigo
181.135.34.76,7/31/2021 9:07,GMT,130.98,13.7,10,Medellín,0,multi,4,parcialmente nublado,25,1,wifi,1.0915,2.74,Tigo
181.135.34.76,7/30/2021 19:13,GMT,19.52,12.87,193,Madrid,5000,multi,1,parcialmente nublado,23,2,wifi,0.162666667,2.574,Tigo
181.135.34.76,7/30/2021 19:12,GMT,18.56,13.42,91,Bogotá,150,multi,1,parcialmente nublado,23,2,wifi,0.154666667,2.684,Tigo
181.135.34.76,7/30/2021 19:11,GMT,18.89,13.83,10,Medellín,0,multi,4,parcialmente nublado,23,2,wifi,0.157416667,2.766,Tigo
181.135.34.76,7/30/2021 14:10,GMT,71.3,12.35,192,Madrid,5000,multi,1,parcialmente nublado,28,1,wifi,0.594166667,2.47,Tigo
181.135.34.76,7/30/2021 14:05,GMT,138.26,13.81,20,Bogotá,150,multi,1,parcialmente nublado,28,1,wifi,1.152166667,2.762,Tigo
181.135.34.76,7/30/2021 14:02,GMT,123.11,13.85,11,Medellín,0,multi,4,parcialmente nublado,28,1,wifi,1.025916667,2.77,Tigo
181.135.34.76,7/30/2021 9:03,GMT,62.65,13.54,201,Madrid,5000,multi,1,parcialmente nublado,22,1,wifi,0.522083333,2.708,Tigo
181.135.34.76,7/30/2021 9:02,GMT,137.74,13.81,38,Bogotá,150,multi,1,parcialmente nublado,22,1,wifi,1.147833333,2.762,Tigo
181.135.34.76,7/30/2021 9:01,GMT,137.18,13.84,11,Medellín,0,multi,4,parcialmente nublado,22,1,wifi,1.143166667,2.768,Tigo
181.135.34.76,7/29/2021 19:03,GMT,54.25,12.43,191,Madrid,5000,multi,1,nublado,21,1,wifi,0.452083333,2.486,Tigo
181.135.34.76,7/29/2021 19:02,GMT,138.05,13.47,40,Bogotá,150,multi,1,nublado,21,1,wifi,1.150416667,2.694,Tigo
181.135.34.76,7/29/2021 19:01,GMT,135.15,13.75,11,Medellín,0,multi,4,nublado,21,1,wifi,1.12625,2.75,Tigo
181.135.34.76,7/29/2021 14:14,GMT,58.33,13.45,200,Madrid,5000,multi,1,tormentas eléctricas aisladas,27,1,wifi,0.486083333,2.69,Tigo
181.135.34.76,7/29/2021 14:13,GMT,132.81,13.81,31,Bogotá,150,multi,1,tormentas eléctricas aisladas,27,1,wifi,1.10675,2.762,Tigo
181.135.34.76,7/29/2021 14:12,GMT,134.84,13.85,11,Medellín,0,multi,4,tormentas eléctricas aisladas,27,1,wifi,1.123666667,2.77,Tigo
181.135.34.76,7/29/2021 9:07,GMT,61.56,13.76,160,Madrid,5000,multi,1,parcialmente nublado,23,1,wifi,0.513,2.752,Tigo
181.135.34.76,7/29/2021 9:06,GMT,136.16,13.63,30,Medellín,0,multi,1,parcialmente nublado,23,1,wifi,1.134666667,2.726,Tigo
181.135.34.76,7/29/2021 9:05,GMT,138.2,13.75,23,Bogotá,150,multi,1,parcialmente nublado,23,1,wifi,1.151666667,2.75,Tigo
181.135.34.76,7/28/2021 19:09,GMT,91.44,12.65,150,Madrid,5000,multi,1,muy nublado,22,2,wifi,0.762,2.53,Tigo
181.135.34.76,7/28/2021 19:08,GMT,135.45,13.09,24,Medellín,0,multi,1,muy nublado,22,2,wifi,1.12875,2.618,Tigo
181.135.34.76,7/28/2021 19:07,GMT,138.28,13.28,17,Bogotá,150,multi,1,muy nublado,22,2,wifi,1.152333333,2.656,Tigo
181.135.34.76,7/28/2021 14:10,GMT,113.95,12.09,148,Madrid,5000,multi,1,parcialmente nublado,28,1,wifi,0.949583333,2.418,Tigo
181.135.34.76,7/28/2021 14:07,GMT,138.29,13.83,23,Medellín,0,multi,1,parcialmente nublado,28,1,wifi,1.152416667,2.766,Tigo
181.135.34.76,7/28/2021 14:06,GMT,137.05,13.84,19,Bogotá,150,multi,4,parcialmente nublado,28,1,wifi,1.142083333,2.768,Tigo
181.135.34.76,7/28/2021 9:11,GMT,51.16,13.24,160,Madrid,5000,multi,1,muy nublado,21,1,wifi,0.426333333,2.648,Tigo
181.135.34.76,7/28/2021 9:10,GMT,138.06,13.83,101,Bogotá,150,multi,1,muy nublado,21,1,wifi,1.1505,2.766,Tigo
181.135.34.76,7/28/2021 9:09,GMT,138.23,13.84,102,Medellín,0,multi,1,muy nublado,21,1,wifi,1.151916667,2.768,Tigo
181.135.34.76,7/27/2021 19:18,GMT,18.46,13,191,Madrid,5000,multi,1,nublado,21,2,wifi,0.153833333,2.6,Tigo
181.135.34.76,7/27/2021 19:17,GMT,20.37,13.79,94,Bogotá,150,multi,1,nublado,21,2,wifi,0.16975,2.758,Tigo
181.135.34.76,7/27/2021 19:16,GMT,18.88,13.8,13,Medellín,0,multi,4,nublado,21,2,wifi,0.157333333,2.76,Tigo
181.135.34.76,7/27/2021 14:08,GMT,29.29,13.7,200,Madrid,5000,multi,1,nublado,23,1,wifi,0.244083333,2.74,Tigo
181.135.34.76,7/27/2021 14:05,GMT,138.18,13.85,18,Bogotá,150,multi,1,nublado,23,1,wifi,1.1515,2.77,Tigo
181.135.34.76,7/27/2021 14:04,GMT,136.83,13.83,10,Medellín,0,multi,4,nublado,23,1,wifi,1.14025,2.766,Tigo
181.140.97.128,3/8/2021 19:07,GMT,40.71,2.6,166,Madrid,5000,multi,1,muy nublado,19,8,wifi,0.6785,0.52,Tigo
181.140.97.128,3/8/2021 19:04,GMT,63.29,8.36,21,Bogotá,150,multi,1,muy nublado,19,8,wifi,1.054833333,1.672,Tigo
181.140.97.128,3/8/2021 19:02,GMT,61.39,7.4,26,Medellin,0,multi,1,muy nublado,19,8,wifi,1.023166667,1.48,Tigo
181.140.97.128,3/8/2021 14:07,GMT,40.27,2.77,166,Madrid,5000,multi,1,lluvia,20,8,wifi,0.671166667,0.554,Tigo
181.140.97.128,3/8/2021 14:04,GMT,46.03,8.42,22,Bogotá,150,multi,1,lluvia,20,8,wifi,0.767166667,1.684,Tigo
181.140.97.128,3/8/2021 14:01,GMT,63.47,8.09,25,Medellin,0,multi,1,lluvia,20,8,wifi,1.057833333,1.618,Tigo
181.140.97.128,3/8/2021 9:07,GMT,13.53,1.02,171,Madrid,5000,multi,1,parcialmente nublado,23,9,wifi,0.2255,0.204,Tigo
181.140.97.128,3/8/2021 9:05,GMT,59.18,8.25,19,Bogotá,150,multi,1,parcialmente nublado,23,9,wifi,0.986333333,1.65,Tigo
181.140.97.128,3/8/2021 9:00,GMT,61.76,7.76,25,Medellin,0,multi,1,parcialmente nublado,23,9,wifi,1.029333333,1.552,Tigo
181.140.97.128,2/8/2021 19:04,GMT,59.47,2.55,167,Madrid,5000,multi,1,nublado,19,8,wifi,0.991166667,0.51,Tigo
181.140.97.128,2/8/2021 19:02,GMT,63.15,7.48,23,Bogotá,150,multi,1,nublado,19,8,wifi,1.0525,1.496,Tigo
181.140.97.128,2/8/2021 19:00,GMT,63.44,9.11,13,Medellín,0,multi,1,nublado,19,8,wifi,1.057333333,1.822,Tigo
181.140.97.128,2/8/2021 14:07,GMT,37.01,2.24,161,Madrid,5000,multi,4,parcialmente nublado,25,8,wifi,0.616833333,0.448,Tigo
181.140.97.128,2/8/2021 14:05,GMT,60.46,8.14,20,Bogotá,150,multi,1,parcialmente nublado,25,8,wifi,1.007666667,1.628,Tigo
181.140.97.128,2/8/2021 14:01,GMT,63.34,7.83,28,Medellin,0,multi,1,parcialmente nublado,25,8,wifi,1.055666667,1.566,Tigo
181.140.97.128,2/8/2021 9:08,GMT,35.04,2.24,164,Madrid,5000,multi,1,parcialmente nublado,23,9,wifi,0.584,0.448,Tigo
181.140.97.128,2/8/2021 9:06,GMT,60.64,8.04,20,Bogotá,150,multi,1,parcialmente nublado,23,9,wifi,1.010666667,1.608,Tigo
181.140.97.128,2/8/2021 9:03,GMT,61.06,7.34,27,Medellin,0,multi,1,parcialmente nublado,23,9,wifi,1.017666667,1.468,Tigo
181.140.97.128,1/8/2021 19:07,GMT,52.46,2.41,174,Madrid,5000,multi,1,nublado,20,8,wifi,0.874333333,0.482,Tigo
181.140.97.128,1/8/2021 19:05,GMT,64.92,7.42,22,Bogotá,150,multi,1,nublado,20,8,wifi,1.082,1.484,Tigo
181.140.97.128,1/8/2021 19:02,GMT,62.25,7.36,28,Medellin,0,multi,1,nublado,20,8,wifi,1.0375,1.472,Tigo
181.140.97.128,1/8/2021 14:09,GMT,50.17,8.21,21,Bogotá,150,multi,1,parcialmente nublado,24,8,wifi,0.836166667,1.642,Tigo
181.140.97.128,1/8/2021 14:07,GMT,63.18,7.98,25,Medellin,0,multi,1,parcialmente nublado,24,8,wifi,1.053,1.596,Tigo
181.140.97.128,1/8/2021 14:03,GMT,51.91,2.57,161,Madrid,5000,multi,1,parcialmente nublado,24,8,wifi,0.865166667,0.514,Tigo
181.140.97.128,1/8/2021 9:09,GMT,4.79,4.29,24,Bogotá,150,multi,1,soleado,25,9,wifi,0.079833333,0.858,Tigo
181.140.97.128,1/8/2021 9:05,GMT,5.1,4.78,22,Bogotá,150,multi,1,soleado,25,9,wifi,0.085,0.956,Tigo
181.140.97.128,1/8/2021 9:02,GMT,21.64,7.45,25,Medellin,0,multi,1,soleado,25,9,wifi,0.360666667,1.49,Tigo
181.140.97.128,7/31/2021 19:06,GMT,22.31,2.5,170,Madrid,5000,multi,1,muy nublado,20,9,wifi,0.371833333,0.5,Tigo
181.140.97.128,7/31/2021 19:04,GMT,21.5,7.56,23,Bogotá,150,multi,1,muy nublado,20,9,wifi,0.358333333,1.512,Tigo
181.140.97.128,7/31/2021 19:00,GMT,33.21,7.41,25,Medellin,0,multi,1,muy nublado,20,9,wifi,0.5535,1.482,Tigo
181.140.97.128,7/31/2021 14:07,GMT,45.18,2.62,158,Madrid,5000,multi,1,parcialmente nublado,26,9,wifi,0.753,0.524,Tigo
181.140.97.128,7/31/2021 14:05,GMT,61.5,8.32,20,Bogotá,150,multi,1,parcialmente nublado,26,9,wifi,1.025,1.664,Tigo
181.140.97.128,7/31/2021 14:01,GMT,63.01,7.26,26,Medellin,0,multi,1,parcialmente nublado,26,9,wifi,1.050166667,1.452,Tigo
181.140.97.128,7/31/2021 9:07,GMT,2.95,1.86,156,Madrid,5000,multi,1,parcialmente nublado,24,9,wifi,0.049166667,0.372,Tigo
181.140.97.128,7/31/2021 9:04,GMT,63.3,8.22,22,Bogotá,150,multi,1,parcialmente nublado,24,9,wifi,1.055,1.644,Tigo
181.140.97.128,7/31/2021 9:00,GMT,63.14,7.15,27,Medellin,0,multi,1,parcialmente nublado,24,9,wifi,1.052333333,1.43,Tigo
181.140.97.128,7/30/2021 19:07,GMT,42.6,2.65,159,Madrid,5000,multi,1,muy nublado,21,9,wifi,0.71,0.53,Tigo
181.140.97.128,7/30/2021 19:04,GMT,60.17,8.21,22,Bogotá,150,multi,1,muy nublado,21,9,wifi,1.002833333,1.642,Tigo
181.140.97.128,7/30/2021 19:02,GMT,48.76,7.66,26,Medellin,0,multi,1,muy nublado,21,9,wifi,0.812666667,1.532,Tigo
181.140.97.128,7/30/2021 14:06,GMT,18.9,2.7,167,Madrid,5000,multi,1,muy nublado,27,8,wifi,0.315,0.54,Tigo
181.140.97.128,7/30/2021 14:03,GMT,46,7.86,21,Bogotá,150,multi,1,muy nublado,27,8,wifi,0.766666667,1.572,Tigo
181.140.97.128,7/30/2021 14:00,GMT,45.82,7.74,26,Medellin,0,multi,1,muy nublado,27,8,wifi,0.763666667,1.548,Tigo
181.140.97.128,7/30/2021 9:05,GMT,38.05,2.67,157,Madrid,5000,multi,1,parcialmente nublado,23,8,wifi,0.634166667,0.534,Tigo
181.140.97.128,7/30/2021 9:02,GMT,60.53,7.92,21,Bogotá,150,multi,1,parcialmente nublado,23,8,wifi,1.008833333,1.584,Tigo
181.140.97.128,7/30/2021 9:00,GMT,58.04,5.25,28,Medellin,0,multi,1,parcialmente nublado,23,8,wifi,0.967333333,1.05,Tigo
181.140.97.128,7/29/2021 19:06,GMT,30.53,2.68,155,Madrid,5000,multi,1,lluvia,20,9,wifi,0.508833333,0.536,Tigo
181.140.97.128,7/29/2021 19:04,GMT,62.56,7.62,21,Bogotá,150,multi,1,lluvia,20,9,wifi,1.042666667,1.524,Tigo
181.140.97.128,7/29/2021 19:01,GMT,62.08,7.75,25,Medellin,0,multi,1,lluvia,20,9,wifi,1.034666667,1.55,Tigo
181.140.97.128,7/29/2021 14:07,GMT,36.41,2.79,161,Madrid,5000,multi,1,parcialmente nublado,26,8,wifi,0.606833333,0.558,Tigo
181.140.97.128,7/29/2021 14:04,GMT,62.29,7.82,23,Bogotá,150,multi,1,parcialmente nublado,26,8,wifi,1.038166667,1.564,Tigo
181.140.97.128,7/29/2021 14:01,GMT,61.97,8.34,12,Medellín,0,multi,4,parcialmente nublado,26,8,wifi,1.032833333,1.668,Tigo
181.140.97.128,7/29/2021 9:07,GMT,34.68,2.69,159,Madrid,5000,multi,1,parcialmente nublado,24,8,wifi,0.578,0.538,Tigo
181.140.97.128,7/29/2021 9:04,GMT,62.99,7.91,23,Bogotá,150,multi,1,parcialmente nublado,24,8,wifi,1.049833333,1.582,Tigo
181.140.97.128,7/29/2021 9:00,GMT,63.03,7.65,27,Medellin,0,multi,1,parcialmente nublado,24,8,wifi,1.0505,1.53,Tigo
181.140.97.128,7/28/2021 19:07,GMT,40.94,1.75,163,Madrid,5000,multi,1,muy nublado,22,9,wifi,0.682333333,0.35,Tigo
181.140.97.128,7/28/2021 19:03,GMT,55.56,7.57,20,Bogotá,150,multi,1,muy nublado,22,9,wifi,0.926,1.514,Tigo
181.140.97.128,7/28/2021 19:00,GMT,51.05,7.01,28,Medellin,0,multi,1,muy nublado,22,9,wifi,0.850833333,1.402,Tigo
181.140.97.128,7/28/2021 14:07,GMT,18.07,2.53,158,Madrid,5000,multi,1,parcialmente nublado,27,8,wifi,0.301166667,0.506,Tigo
181.140.97.128,7/28/2021 14:04,GMT,35.91,7.84,23,Bogotá,150,multi,1,parcialmente nublado,27,8,wifi,0.5985,1.568,Tigo
181.140.97.128,7/28/2021 14:00,GMT,37.71,7.66,30,Medellin,0,multi,1,parcialmente nublado,27,8,wifi,0.6285,1.532,Tigo
181.140.97.128,7/28/2021 9:09,GMT,18.78,2.67,162,Madrid,5000,multi,1,muy nublado,23,8,wifi,0.313,0.534,Tigo
181.140.97.128,7/28/2021 9:04,GMT,41.97,7.05,26,Bogotá,150,multi,1,muy nublado,23,8,wifi,0.6995,1.41,Tigo
181.140.97.128,7/28/2021 9:00,GMT,30.51,5.84,31,Medellin,0,multi,1,muy nublado,23,8,wifi,0.5085,1.168,Tigo
181.140.97.128,7/27/2021 19:08,GMT,53.9,2.83,157,Madrid,5000,multi,1,nublado,21,9,wifi,0.898333333,0.566,Tigo
181.140.97.128,7/27/2021 19:05,GMT,62.51,8.11,23,Bogotá,150,multi,1,nublado,21,9,wifi,1.041833333,1.622,Tigo
181.140.97.128,7/27/2021 19:00,GMT,61.75,8.09,12,Medellín,0,multi,4,nublado,21,9,wifi,1.029166667,1.618,Tigo
181.140.97.128,7/27/2021 14:07,GMT,62.14,9.97,11,Medellín,0,multi,4,nublado,25,8,wifi,1.035666667,1.994,Tigo
181.140.97.128,7/27/2021 14:04,GMT,46.63,2.8,156,Madrid,5000,multi,1,nublado,25,8,wifi,0.777166667,0.56,Tigo
181.140.97.128,7/27/2021 14:00,GMT,61.94,8.3,21,Bogotá,150,multi,1,nublado,25,8,wifi,1.032333333,1.66,Tigo
191.88.72.92,8/3/2021 19:05,GMT,27.06,8.26,19,Bogotá,150,multi,1,nublado,22,3,cable,0.902,1.652,Tigo
191.88.72.92,8/3/2021 19:04,GMT,29.04,8.24,13,Medellín,0,multi,1,nublado,22,3,cable,0.968,1.648,Tigo
191.88.72.92,8/3/2021 19:04,GMT,30.12,8.28,170,Madrid,5000,multi,1,nublado,22,3,cable,1.004,1.656,Tigo
191.88.72.92,8/3/2021 19:03,GMT,9.73,7.83,182,Madrid,5000,multi,1,nublado,22,3,wifi,0.324333333,1.566,Tigo
191.88.72.92,8/3/2021 19:02,GMT,11.04,6.73,17,Medellín,0,multi,1,nublado,22,3,wifi,0.368,1.346,Tigo
191.88.72.92,8/3/2021 19:01,GMT,29.07,3.15,30,Bogotá,150,multi,1,nublado,22,3,wifi,0.969,0.63,Tigo
191.88.72.92,8/3/2021 14:00,GMT,29.16,8.21,9,Medellín,0,multi,4,tormentas eléctricas aisladas,25,2,wifi,0.972,1.642,Tigo
191.88.72.92,8/3/2021 13:53,GMT,23.11,7.22,20,Bogotá,150,multi,1,tormentas eléctricas aisladas,25,2,wifi,0.770333333,1.444,Tigo
191.88.72.92,8/3/2021 13:52,GMT,30.5,8.3,168,Madrid,5000,multi,1,tormentas eléctricas aisladas,25,2,cable,1.016666667,1.66,Tigo
191.88.72.92,8/3/2021 13:52,GMT,31.09,8.05,7,Medellín,0,multi,1,tormentas eléctricas aisladas,25,2,cable,1.036333333,1.61,Tigo
191.88.72.92,8/3/2021 13:51,GMT,30.73,8.23,16,Bogotá,150,multi,1,tormentas eléctricas aisladas,25,2,cable,1.024333333,1.646,Tigo
191.88.72.92,8/3/2021 9:14,GMT,20.59,8.19,10,Medellín,0,multi,1,muy nublado,23,5,cable,0.686333333,1.638,Tigo
191.88.72.92,8/3/2021 9:14,GMT,30.29,8.26,18,Bogotá,150,multi,1,muy nublado,23,5,cable,1.009666667,1.652,Tigo
191.88.72.92,8/3/2021 9:13,GMT,30.9,8.09,176,Madrid,5000,multi,1,muy nublado,23,5,cable,1.03,1.618,Tigo
191.88.72.92,8/3/2021 9:11,GMT,16.59,7.96,172,Madrid,5000,multi,1,muy nublado,23,5,wifi,0.553,1.592,Tigo
191.88.72.92,8/3/2021 9:06,GMT,7.22,2.28,10,Medellín,0,multi,1,muy nublado,23,5,wifi,0.240666667,0.456,Tigo
191.88.72.92,8/3/2021 9:04,GMT,3.09,0.37,23,Bogotá,150,multi,1,muy nublado,23,5,wifi,0.103,0.074,Tigo
191.88.72.92,8/2/2021 14:08,GMT,11.17,7.12,176,Madrid,5000,multi,1,muy nublado,29,5,wifi,0.372333333,1.424,Tigo
191.88.72.92,8/2/2021 14:06,GMT,29.48,4.65,10,Medellín,0,multi,1,muy nublado,29,5,wifi,0.982666667,0.93,Tigo
191.88.72.92,8/2/2021 14:05,GMT,25.39,7.1,23,Bogotá,150,multi,1,muy nublado,29,5,wifi,0.846333333,1.42,Tigo
191.88.72.92,8/2/2021 14:02,GMT,30.21,8.23,174,Madrid,5000,multi,1,muy nublado,29,5,cable,1.007,1.646,Tigo
191.88.72.92,8/2/2021 14:01,GMT,31.23,8.31,9,Medellín,0,multi,1,muy nublado,29,5,cable,1.041,1.662,Tigo
191.88.72.92,8/2/2021 14:01,GMT,29.74,8.27,20,Bogotá,150,multi,1,muy nublado,29,5,cable,0.991333333,1.654,Tigo
191.88.72.92,8/2/2021 9:07,GMT,31.28,8.35,21,Bogotá,150,multi,1,parcialmente nublado,23,6,cable,1.042666667,1.67,Tigo
191.88.72.92,8/2/2021 9:06,GMT,31.29,8.38,9,Medellín,0,multi,1,parcialmente nublado,23,6,cable,1.043,1.676,Tigo
191.88.72.92,8/2/2021 9:05,GMT,31.27,8.34,173,Madrid,5000,multi,1,parcialmente nublado,23,6,cable,1.042333333,1.668,Tigo
191.88.72.92,8/2/2021 9:04,GMT,30.9,7.32,171,Madrid,5000,multi,1,parcialmente nublado,23,6,wifi,1.03,1.464,Tigo
191.88.72.92,8/2/2021 9:03,GMT,29.7,8.27,12,Medellín,0,multi,1,parcialmente nublado,23,6,wifi,0.99,1.654,Tigo
191.88.72.92,8/2/2021 9:03,GMT,30.82,8.11,22,Bogotá,150,multi,1,parcialmente nublado,23,6,wifi,1.027333333,1.622,Tigo
191.88.72.92,8/1/2021 19:07,GMT,31.39,7.34,11,Medellín,0,multi,1,nublado ,23,2,cable,1.046333333,1.468,Tigo
191.88.72.92,8/1/2021 19:06,GMT,31.42,7.31,21,Bogotá,150,multi,1,nublado ,23,2,cable,1.047333333,1.462,Tigo
191.88.72.92,8/1/2021 19:06,GMT,27,7.25,174,Madrid,5000,multi,1,nublado ,23,2,cable,0.9,1.45,Tigo
191.88.72.92,8/1/2021 19:04,GMT,29.11,5.27,170,Madrid,5000,multi,1,nublado ,23,2,wifi,0.970333333,1.054,Tigo
191.88.72.92,8/1/2021 19:03,GMT,30.98,6.72,6,Medellín,0,multi,1,nublado ,23,2,wifi,1.032666667,1.344,Tigo
191.88.72.92,8/1/2021 19:02,GMT,31.37,6.14,23,Bogotá,150,multi,1,nublado ,23,2,wifi,1.045666667,1.228,Tigo
1.81134E+11,8/1/2021 14:07,GMT,18.21,5.9,161,Madrid,5000,multi,1,muy nublado,29,3,cable,0.607,1.18,Tigo
1.81134E+11,8/1/2021 14:06,GMT,29.24,6.09,24,Bogotá,150,multi,1,muy nublado,29,3,cable,0.974666667,1.218,Tigo
1.81134E+11,8/1/2021 14:06,GMT,27.1,7.34,12,Medellín,0,multi,1,muy nublado,29,3,cable,0.903333333,1.468,Tigo
1.81134E+11,8/1/2021 14:05,GMT,16.9,6.14,172,Madrid,5000,multi,1,muy nublado,29,3,wifi,0.563333333,1.228,Tigo
1.81134E+11,8/1/2021 14:04,GMT,16.32,6.86,12,Medellín,0,multi,1,muy nublado,29,3,wifi,0.544,1.372,Tigo
1.81134E+11,8/1/2021 14:03,GMT,23.13,7.34,25,Bogotá,150,multi,1,muy nublado,29,3,wifi,0.771,1.468,Tigo
191.88.72.92,8/1/2021 9:24,GMT,31.25,7.33,18,Bogotá,150,multi,1,parcialmente nublado,25,2,cable,1.041666667,1.466,Tigo
191.88.72.92,8/1/2021 9:24,GMT,31.41,7.33,8,Medellín,0,multi,1,parcialmente nublado,25,2,cable,1.047,1.466,Tigo
191.88.72.92,8/1/2021 9:23,GMT,31.4,7.31,168,Madrid,5000,multi,1,parcialmente nublado,25,2,cable,1.046666667,1.462,Tigo
191.88.72.92,8/1/2021 9:21,GMT,24.65,7,170,Madrid,5000,multi,1,parcialmente nublado,25,2,wifi,0.821666667,1.4,Tigo
191.88.72.92,8/1/2021 9:20,GMT,32.02,7.16,10,Medellín,0,multi,1,parcialmente nublado,25,2,wifi,1.067333333,1.432,Tigo
191.88.72.92,8/1/2021 9:20,GMT,31.01,7.12,21,Bogotá,150,multi,1,parcialmente nublado,25,2,wifi,1.033666667,1.424,Tigo
191.88.72.92,7/31/2021 19:26,GMT,11.57,4.95,11,Medellín,0,multi,1,parcialmente nublado,23,3,wifi,0.385666667,0.99,Tigo
191.88.72.92,7/31/2021 19:25,GMT,12.28,4.71,23,Bogotá,150,multi,1,parcialmente nublado,23,3,wifi,0.409333333,0.942,Tigo
191.88.72.92,7/31/2021 19:24,GMT,10.74,4.54,181,Madrid,5000,multi,1,parcialmente nublado,23,3,wifi,0.358,0.908,Tigo
191.88.72.92,7/31/2021 19:22,GMT,31.36,7.27,167,Madrid,5000,multi,1,parcialmente nublado,23,3,cable,1.045333333,1.454,Tigo
191.88.72.92,7/31/2021 19:21,GMT,30.43,7.29,20,Bogotá,150,multi,1,parcialmente nublado,23,3,cable,1.014333333,1.458,Tigo
191.88.72.92,7/31/2021 19:20,GMT,30.72,7.05,11,Medellín,0,multi,4,parcialmente nublado,23,3,cable,1.024,1.41,Tigo
191.88.72.92,7/31/2021 14:06,GMT,31.21,5.26,19,Bogotá,150,multi,1,parcialmente nublado,30,2,cable,1.040333333,1.052,Tigo
191.88.72.92,7/31/2021 14:05,GMT,30.49,5.13,9,Medellín,0,multi,1,parcialmente nublado,30,2,cable,1.016333333,1.026,Tigo
191.88.72.92,7/31/2021 14:03,GMT,30.29,7.22,177,Madrid,5000,multi,1,parcialmente nublado,30,2,cable,1.009666667,1.444,Tigo
191.88.72.92,7/31/2021 14:01,GMT,22.45,4.24,51,Bogotá,150,multi,1,parcialmente nublado,30,2,wifi,0.748333333,0.848,Tigo
191.88.72.92,7/31/2021 13:59,GMT,29.12,5.01,46,Medellín,0,multi,1,parcialmente nublado,30,2,wifi,0.970666667,1.002,Tigo
191.88.72.92,7/31/2021 13:58,GMT,13.75,4.52,182,Madrid,5000,multi,1,parcialmente nublado,30,2,wifi,0.458333333,0.904,Tigo
191.88.72.92,7/31/2021 9:06,GMT,30.87,5.2,20,Bogotá,150,multi,1,parcialmente nublado,23,3,cable,1.029,1.04,Tigo
191.88.72.92,7/31/2021 9:04,GMT,31.4,5.19,9,Medellín,0,multi,1,parcialmente nublado,23,3,cable,1.046666667,1.038,Tigo
191.88.72.92,7/31/2021 9:03,GMT,28.67,5.5,162,Madrid,5000,multi,1,parcialmente nublado,23,3,cable,0.955666667,1.1,Tigo
191.88.72.92,7/31/2021 9:02,GMT,29.05,5.13,22,Bogotá,150,multi,1,parcialmente nublado,23,3,wifi,0.968333333,1.026,Tigo
191.88.72.92,7/31/2021 9:02,GMT,26.82,5.22,12,Medellín,0,multi,1,parcialmente nublado,23,3,wifi,0.894,1.044,Tigo
191.88.72.92,7/31/2021 9:00,GMT,11.99,5.17,187,Madrid,5000,multi,1,parcialmente nublado,23,3,wifi,0.399666667,1.034,Tigo
191.88.72.92,7/30/2021 19:08,GMT,30.87,5.2,20,Bogotá,150,multi,1,parcialmente nublado,22,3,cable,1.029,1.04,Tigo
191.88.72.92,7/30/2021 19:07,GMT,31.4,5.19,9,Medellín,0,multi,1,parcialmente nublado,22,3,cable,1.046666667,1.038,Tigo
191.88.72.92,7/30/2021 19:07,GMT,28.02,5.35,174,Madrid,5000,multi,1,parcialmente nublado,22,3,cable,0.934,1.07,Tigo
191.88.72.92,7/30/2021 19:05,GMT,31.08,5.2,21,Bogotá,0,multi,1,parcialmente nublado,22,3,wifi,1.036,1.04,Tigo
191.88.72.92,7/30/2021 19:04,GMT,31.25,5.19,9,Medellín,,multi,1,parcialmente nublado,22,3,wifi,1.041666667,1.038,Tigo
191.88.72.92,7/30/2021 19:02,GMT,9.72,3.87,188,Madrid,5000,multi,1,parcialmente nublado,22,3,wifi,0.324,0.774,Tigo
191.88.72.92,7/30/2021 14:09,GMT,31.34,4.97,16,Bogotá,150,multi,1,parcialmente nublado,28,4,cable,1.044666667,0.994,Tigo
191.88.72.92,7/30/2021 14:08,GMT,31.33,5.06,9,Medellín,0,multi,1,parcialmente nublado,28,4,cable,1.044333333,1.012,Tigo
191.88.72.92,7/30/2021 14:05,GMT,26.61,6.84,183,Madrid,5000,multi,1,parcialmente nublado,28,4,cable,0.887,1.368,Tigo
191.88.72.92,7/30/2021 14:02,GMT,26.71,5.2,13,Medellín,0,multi,1,parcialmente nublado,28,4,wifi,0.890333333,1.04,Tigo
191.88.72.92,7/30/2021 14:01,GMT,23.14,4.98,24,Bogotá,150,multi,1,parcialmente nublado,28,4,wifi,0.771333333,0.996,Tigo
191.88.72.92,7/30/2021 14:00,GMT,12.79,4.87,181,Madrid,5000,multi,1,parcialmente nublado,28,4,wifi,0.426333333,0.974,Tigo
191.88.72.92,7/30/2021 9:05,GMT,31.19,5.23,10,Medellín,0,multi,1,parcialmente nublado,22,3,cable,1.039666667,1.046,Tigo
191.88.72.92,7/30/2021 9:04,GMT,30.72,5.02,21,Bogotá,150,multi,1,parcialmente nublado,22,3,cable,1.024,1.004,Tigo
191.88.72.92,7/30/2021 9:03,GMT,25.49,6.84,169,Madrid,5000,multi,1,parcialmente nublado,22,3,cable,0.849666667,1.368,Tigo
191.88.72.92,7/30/2021 9:02,GMT,28.11,5.29,170,Madrid,5000,multi,1,parcialmente nublado,22,3,wifi,0.937,1.058,Tigo
191.88.72.92,7/30/2021 9:01,GMT,29.98,6.62,6,Medellín,0,multi,1,parcialmente nublado,22,3,wifi,0.999333333,1.324,Tigo
191.88.72.92,7/30/2021 9:00,GMT,31.34,6.17,23,Bogotá,150,multi,1,parcialmente nublado,22,3,wifi,1.044666667,1.234,Tigo
191.88.72.92,7/29/2021 19:04,GMT,31.07,7.14,19,Medellin,0,multi,1,nublado ,21,4,cable,1.035666667,1.428,Tigo
191.88.72.92,7/29/2021 19:03,GMT,31.34,7.24,166,Madrid,5000,multi,1,nublado ,21,4,cable,1.044666667,1.448,Tigo
191.88.72.92,7/29/2021 19:02,GMT,31.37,7.22,22,Bogotá,150,multi,1,nublado ,21,4,cable,1.045666667,1.444,Tigo
191.88.72.92,7/29/2021 18:59,GMT,12.73,5.29,23,Bogotá,150,multi,1,nublado ,21,4,wifi,0.424333333,1.058,Tigo
191.88.72.92,7/29/2021 18:57,GMT,19.01,7.28,11,Medellín,0,multi,1,nublado ,21,4,wifi,0.633666667,1.456,Tigo
191.88.72.92,7/29/2021 18:56,GMT,15.23,5.03,177,Madrid,5000,multi,1,nublado ,21,4,wifi,0.507666667,1.006,Tigo
191.88.72.92,7/29/2021 14:12,GMT,30.99,7.27,19,Medellin,0,multi,1,tormentas eléctricas aisladas,27,4,cable,1.033,1.454,Tigo
191.88.72.92,7/29/2021 14:10,GMT,30.42,7.22,28,Bogotá,150,multi,1,tormentas eléctricas aisladas,27,4,cable,1.014,1.444,Tigo
191.88.72.92,7/29/2021 14:09,GMT,31.06,6.33,171,Madrid,5000,multi,1,tormentas eléctricas aisladas,27,4,cable,1.035333333,1.266,Tigo
191.88.72.92,7/29/2021 14:06,GMT,20.59,6.76,180,Madrid,5000,multi,1,tormentas eléctricas aisladas,27,4,wifi,0.686333333,1.352,Tigo
191.88.72.92,7/29/2021 14:04,GMT,23.55,5.55,22,Bogotá,150,multi,4,tormentas eléctricas aisladas,27,4,wifi,0.785,1.11,Tigo
191.88.72.92,7/29/2021 14:03,GMT,19.92,7.11,21,Medellin,0,multi,1,tormentas eléctricas aisladas,27,4,wifi,0.664,1.422,Tigo
191.88.72.92,7/29/2021 9:05,GMT,30.05,5.23,10,Medellín,0,multi,1,parcialmente nublado,23,4,cable,1.001666667,1.046,Tigo
191.88.72.92,7/29/2021 9:04,GMT,31.21,5.02,21,Bogotá,150,multi,1,parcialmente nublado,23,4,cable,1.040333333,1.004,Tigo
191.88.72.92,7/29/2021 9:03,GMT,28.11,5.29,170,Madrid,5000,multi,1,parcialmente nublado,23,4,cable,0.937,1.058,Tigo
191.88.72.92,7/29/2021 9:02,GMT,29.17,5.29,170,Madrid,5000,multi,1,parcialmente nublado,23,4,wifi,0.972333333,1.058,Tigo
191.88.72.92,7/29/2021 9:01,GMT,29.43,6.62,6,Medellín,0,multi,4,parcialmente nublado,23,4,wifi,0.981,1.324,Tigo
191.88.72.92,7/29/2021 9:00,GMT,30.65,6.17,23,Bogotá,150,multi,1,parcialmente nublado,23,4,wifi,1.021666667,1.234,Tigo
191.88.72.92,7/28/2021 19:08,GMT,30.88,7.27,19,Medellin,0,multi,1,muy nublado,22,4,cable,1.029333333,1.454,Tigo
191.88.72.92,7/28/2021 19:07,GMT,30.9,7.25,28,Bogotá,150,multi,1,muy nublado,22,4,cable,1.03,1.45,Tigo
191.88.72.92,7/28/2021 19:06,GMT,31.06,6.38,171,Madrid,5000,multi,1,muy nublado,22,2,cable,1.035333333,1.276,Tigo
191.88.72.92,7/28/2021 19:05,GMT,22.59,6.72,180,Madrid,5000,multi,1,muy nublado,23,2,wifi,0.753,1.344,Tigo
191.88.72.92,7/28/2021 19:04,GMT,26.5,5.56,22,Bogotá,150,multi,1,muy nublado,23,2,wifi,0.883333333,1.112,Tigo
191.88.72.92,7/28/2021 19:03,GMT,49.92,7.16,21,Medellin,0,multi,4,muy nublado,23,2,wifi,1.664,1.432,Tigo
191.88.72.92,7/28/2021 14:06,GMT,26.84,5.34,23,Bogotá,150,multi,1,parcialmente nublado,28,4,wifi,0.894666667,1.068,Tigo
191.88.72.92,7/28/2021 14:05,GMT,28.24,7.21,20,Medellin,0,multi,4,parcialmente nublado,28,4,wifi,0.941333333,1.442,Tigo
191.88.72.92,7/28/2021 14:00,GMT,7.8,2.27,181,Madrid,5000,multi,1,parcialmente nublado,27,4,wifi,0.26,0.454,Tigo
191.88.72.92,7/28/2021 13:59,GMT,26.61,6.84,180,Madrid,5000,multi,1,parcialmente nublado,27,4,cable,0.887,1.368,Tigo
191.88.72.92,7/28/2021 13:58,GMT,31.41,7.25,20,Bogotá,150,multi,1,parcialmente nublado,27,4,cable,1.047,1.45,Tigo
191.88.72.92,7/28/2021 13:57,GMT,31.32,7.26,19,Medellin,0,multi,1,parcialmente nublado,27,4,cable,1.044,1.452,Tigo
191.88.72.92,7/28/2021 9:13,GMT,30.03,7.12,22,Medellin,0,multi,1,muy nublado,21,4,wifi,1.001,1.424,Tigo
191.88.72.92,7/28/2021 9:12,GMT,26.17,6.7,170,Madrid,5000,multi,1,muy nublado,21,4,wifi,0.872333333,1.34,Tigo
191.88.72.92,7/28/2021 9:10,GMT,30.1,6.83,24,Bogotá,150,multi,1,muy nublado,21,4,wifi,1.003333333,1.366,Tigo
191.88.72.92,7/28/2021 9:06,GMT,31.07,7.14,19,Medellin,0,multi,1,muy nublado,21,4,cable,1.035666667,1.428,Tigo
191.88.72.92,7/28/2021 9:03,GMT,31.34,7.24,166,Madrid,5000,multi,1,muy nublado,21,4,cable,1.044666667,1.448,Tigo
191.88.72.92,7/28/2021 9:02,GMT,31.37,7.22,22,Bogotá,150,multi,1,muy nublado,21,4,cable,1.045666667,1.444,Tigo
191.88.72.92,7/27/2021 19:01,GMT,31.05,7.22,169,Madrid,5000,multi,1,nublado ,20,2,cable,1.035,1.444,Tigo
191.88.72.92,7/27/2021 19:00,GMT,30.92,7.27,10,Medellín,0,multi,1,nublado ,20,2,cable,1.030666667,1.454,Tigo
191.88.72.92,7/27/2021 18:59,GMT,31.41,7.34,21,Bogotá,150,multi,1,nublado ,20,2,cable,1.047,1.468,Tigo
191.88.72.92,7/27/2021 18:57,GMT,24.79,6.56,176,Madrid,5000,multi,1,nublado ,20,2,wifi,0.826333333,1.312,Tigo
191.88.72.92,7/27/2021 18:56,GMT,29,7.12,25,Bogotá,150,multi,1,nublado ,20,2,wifi,0.966666667,1.424,Tigo
191.88.72.92,7/27/2021 18:55,GMT,31.2,7.09,14,Medellín,0,multi,1,nublado ,20,2,wifi,1.04,1.418,Tigo
191.88.72.92,7/27/2021 14:12,GMT,2.56,6.68,172,Madrid,5000,multi,1,nublado ,24,1,wifi,0.085333333,1.336,Tigo
191.88.72.92,7/27/2021 14:11,GMT,12.42,5.49,23,Bogotá,150,multi,1,nublado ,24,1,wifi,0.414,1.098,Tigo
191.88.72.92,7/27/2021 14:10,GMT,19.69,7.18,11,Medellín,0,multi,4,nublado ,24,1,wifi,0.656333333,1.436,Tigo
191.88.72.92,7/27/2021 14:06,GMT,15.73,5.01,177,Madrid,5000,multi,1,nublado ,23,1,cable,0.524333333,1.002,Tigo
191.88.72.92,7/27/2021 14:04,GMT,25.58,6.56,19,Bogotá,150,multi,1,nublado ,23,1,cable,0.852666667,1.312,Tigo
191.88.72.92,7/27/2021 14:03,GMT,23.96,7.2,10,Medellín,0,multi,4,nublado ,23,1,cable,0.798666667,1.44,Tigo
191.88.72.92,7/26/2021 19:01,GMT,31.42,6.29,27,Bogotá,150,multi,1,lluvia,23,2,cable,1.047333333,1.258,Tigo
191.88.72.92,7/26/2021 19:01,GMT,31.42,4.63,11,Medellín,0,multi,4,lluvia,23,2,cable,1.047333333,0.926,Tigo
191.88.72.92,7/26/2021 14:20,GMT,31.35,7.23,22,Bogotá,150,multi,1,nublado ,25,2,cable,1.045,1.446,Tigo
191.88.72.92,7/26/2021 14:19,GMT,29.58,7.38,10,Medellín,0,multi,4,nublado ,25,2,cable,0.986,1.476,Tigo
186.119.95.174,8/3/2021 19:08,GMT,7.19,0.81,193,Madrid,5100,multi,1,nublado,18,1,cable,0.719,0.81,Movistar
186.119.95.174,8/3/2021 19:05,GMT,8.62,0.72,41,Medellín,100,multi,1,nublado,18,1,cable,0.862,0.72,Movistar
186.119.95.174,8/3/2021 19:00,GMT,11.7,0.79,37,Bogotá,200,multi,1,nublado,18,1,cable,1.17,0.79,Movistar
186.119.83.127,8/3/2021 19:07,GMT,2.39,0.81,192,Madrid,5100,multi,1,nublado,18,1,wifi,0.239,0.81,Movistar
186.119.83.127,8/3/2021 19:04,GMT,11.39,0.83,41,Medellín,100,multi,1,nublado,18,1,wifi,1.139,0.83,Movistar
186.119.83.127,8/3/2021 19:02,GMT,11.35,0.81,39,Bogotá,200,multi,1,nublado,18,1,wifi,1.135,0.81,Movistar
186.119.95.174,8/3/2021 14:09,GMT,8.54,0.77,194,Madrid,5100,multi,1,nublado,16,1,cable,0.854,0.77,Movistar
186.119.95.174,8/3/2021 14:05,GMT,10.91,0.72,40,Medellín,100,multi,1,nublado,16,1,cable,1.091,0.72,Movistar
186.119.95.174,8/3/2021 13:00,GMT,10.85,0.71,36,Bogotá,200,multi,1,nublado,16,1,cable,1.085,0.71,Movistar
186.119.83.127,8/3/2021 14:07,GMT,11.4,0.67,192,Madrid,5100,multi,1,nublado,16,1,wifi,1.14,0.67,Movistar
186.119.83.127,8/3/2021 14:04,GMT,11.4,0.88,40,Medellín,100,multi,1,nublado,16,1,wifi,1.14,0.88,Movistar
186.119.83.127,8/3/2021 14:01,GMT,10.9,0.75,37,Bogotá,200,multi,1,nublado,16,1,wifi,1.09,0.75,Movistar
186.119.95.174,8/3/2021 9:06,GMT,7.06,0.76,200,Madrid,5100,multi,1,nublado,16,1,cable,0.706,0.76,Movistar
186.119.95.174,8/3/2021 9:03,GMT,11.36,0.77,42,Medellín,100,multi,1,nublado,16,1,cable,1.136,0.77,Movistar
186.119.95.174,8/3/2021 9:00,GMT,7.49,0.83,36,Bogotá,200,multi,1,nublado,16,1,cable,0.749,0.83,Movistar
186.119.83.127,8/3/2021 9:07,GMT,5.08,0.76,205,Madrid,5100,multi,1,nublado,16,1,wifi,0.508,0.76,Movistar
186.119.83.127,8/3/2021 9:05,GMT,9.81,0.8,70,Medellín,100,multi,1,nublado,16,1,wifi,0.981,0.8,Movistar
186.119.83.127,8/3/2021 9:00,GMT,9.52,0.69,37,Bogotá,200,multi,1,nublado,16,1,wifi,0.952,0.69,Movistar
186.119.95.174,8/2/2021 14:08,GMT,7.15,0.76,197,Madrid,5100,multi,1,parcialmente nublado,19,1,cable,0.715,0.76,Movistar
186.119.95.174,8/2/2021 14:04,GMT,10.85,0.77,40,Medellín,100,multi,1,parcialmente nublado,19,1,cable,1.085,0.77,Movistar
186.119.95.174,8/2/2021 14:00,GMT,11.41,0.79,36,Bogotá,200,multi,1,parcialmente nublado,19,1,cable,1.141,0.79,Movistar
186.119.83.127,8/2/2021 14:07,GMT,7.43,0.74,188,Madrid,5100,multi,1,parcialmente nublado,19,1,wifi,0.743,0.74,Movistar
186.119.83.127,8/2/2021 14:05,GMT,8.59,0.83,42,Medellín,100,multi,1,parcialmente nublado,19,1,wifi,0.859,0.83,Movistar
186.119.83.127,8/2/2021 14:01,GMT,10.11,0.77,39,Bogotá,200,multi,1,parcialmente nublado,19,1,wifi,1.011,0.77,Movistar
186.119.95.174,8/2/2021 9:07,GMT,10.3,0.78,197,Madrid,5100,multi,1,muy nublado,17,1,cable,1.03,0.78,Movistar
186.119.95.174,8/2/2021 9:04,GMT,11.2,0.75,46,Medellín,100,multi,1,muy nublado,17,1,cable,1.12,0.75,Movistar
186.119.95.174,8/2/2021 9:00,GMT,11.2,0.88,36,Bogotá,200,multi,1,muy nublado,17,1,cable,1.12,0.88,Movistar
186.119.83.127,8/2/2021 9:08,GMT,8.66,0.79,189,Madrid,5100,multi,1,muy nublado,17,1,wifi,0.866,0.79,Movistar
186.119.83.127,8/2/2021 9:06,GMT,10.47,0.72,47,Medellín,100,multi,1,muy nublado,17,1,wifi,1.047,0.72,Movistar
186.119.83.127,8/2/2021 9:03,GMT,11.26,0.75,35,Bogotá,200,multi,1,muy nublado,17,1,wifi,1.126,0.75,Movistar
186.119.95.174,8/1/2021 19:07,GMT,11.5,0.77,184,Madrid,5100,multi,1,nublado,16,1,cable,1.15,0.77,Movistar
186.119.95.174,8/1/2021 19:04,GMT,10.8,0.89,41,Medellín,100,multi,1,nublado,16,1,cable,1.08,0.89,Movistar
186.119.95.174,8/1/2021 19:00,GMT,11.3,0.81,36,Bogotá,200,multi,1,nublado,16,1,cable,1.13,0.81,Movistar
186.119.83.127,8/1/2021 19:07,GMT,6.79,0.71,195,Madrid,5100,multi,1,nublado,16,1,wifi,0.679,0.71,Movistar
186.119.83.127,8/1/2021 19:05,GMT,9.22,0.77,45,Medellín,100,multi,1,nublado,16,1,wifi,0.922,0.77,Movistar
186.119.83.127,8/1/2021 19:02,GMT,10.65,0.77,36,Bogotá,200,multi,1,nublado,16,1,wifi,1.065,0.77,Movistar
186.119.95.174,8/1/2021 14:10,GMT,8.13,0.68,202,Madrid,5100,multi,1,muy nublado,22,1,cable,0.813,0.68,Movistar
186.119.95.174,8/1/2021 14:06,GMT,11.2,0.82,43,Medellín,100,multi,1,muy nublado,22,1,cable,1.12,0.82,Movistar
186.119.95.174,8/1/2021 14:02,GMT,11.3,0.79,36,Bogotá,200,multi,1,muy nublado,22,1,cable,1.13,0.79,Movistar
186.119.83.127,8/1/2021 14:09,GMT,8.69,0.79,188,Madrid,5100,multi,1,muy nubblado,22,1,wifi,0.869,0.79,Movistar
186.119.83.127,8/1/2021 14:07,GMT,10.79,0.75,40,Medellín,100,multi,1,muy nubblado,22,1,wifi,1.079,0.75,Movistar
186.119.83.127,8/1/2021 14:03,GMT,11.28,0.76,37,Bogotá,200,multi,1,muy nubblado,22,1,wifi,1.128,0.76,Movistar
186.119.95.174,8/1/2021 9:06,GMT,10.66,0.8,190,Madrid,5100,multi,1,parcialmente nublado,19,1,cable,1.066,0.8,Movistar
186.119.95.174,8/1/2021 9:03,GMT,10.86,0.8,44,Medellín,100,multi,1,parcialmente nublado,19,1,cable,1.086,0.8,Movistar
186.119.95.174,8/1/2021 9:00,GMT,10.77,0.84,37,Bogotá,200,multi,1,parcialmente nublado,19,1,cable,1.077,0.84,Movistar
186.119.83.127,8/1/2021 9:09,GMT,9.18,0.8,194,Madrid,5100,multi,1,parcialmente nublado,19,1,wifi,0.918,0.8,Movistar
186.119.83.127,8/1/2021 9:05,GMT,10.69,0.75,47,Medellín,100,multi,1,parcialmente nublado,19,1,wifi,1.069,0.75,Movistar
186.119.83.127,8/1/2021 9:02,GMT,11.42,0.81,37,Bogotá,200,multi,1,parcialmente nublado,19,1,wifi,1.142,0.81,Movistar
186.119.95.174,7/31/2021 19:05,GMT,11.3,0.76,191,Madrid,5100,multi,1,parcialmente nublado,16,1,cable,1.13,0.76,Movistar
186.119.95.174,7/31/2021 19:03,GMT,11.4,0.76,41,Medellín,100,multi,1,parcialmente nublado,16,1,cable,1.14,0.76,Movistar
186.119.95.174,7/31/2021 19:00,GMT,11.5,0.74,36,Bogotá,200,multi,1,parcialmente nublado,16,1,cable,1.15,0.74,Movistar
186.119.83.127,7/31/2021 19:06,GMT,10.64,0.77,193,Madrid,5100,multi,1,parcialmente nublado,16,1,wifi,1.064,0.77,Movistar
186.119.83.127,7/31/2021 19:04,GMT,11.36,0.86,40,Medellín,100,multi,1,parcialmente nublado,16,1,wifi,1.136,0.86,Movistar
186.119.83.127,7/31/2021 19:00,GMT,10.94,0.81,37,Bogotá,200,multi,1,parcialmente nublado,16,1,wifi,1.094,0.81,Movistar
186.119.95.174,7/31/2021 14:07,GMT,11.4,0.79,210,Madrid,5100,multi,1,soleado,24,1,cable,1.14,0.79,Movistar
186.119.95.174,7/31/2021 14:05,GMT,11.4,0.66,42,Medellín,100,multi,1,soleado,24,1,cable,1.14,0.66,Movistar
186.119.95.174,7/31/2021 14:01,GMT,11.4,0.91,39,Bogotá,200,multi,1,soleado,24,1,cable,1.14,0.91,Movistar
186.119.83.127,7/31/2021 14:05,GMT,9.18,0.73,189,Madrid,5100,multi,1,soleado,24,1,wifi,0.918,0.73,Movistar
186.119.83.127,7/31/2021 14:02,GMT,11.26,0.9,40,Medellín,100,multi,1,soleado,24,1,wifi,1.126,0.9,Movistar
186.119.83.127,7/31/2021 14:00,GMT,9.57,0.72,37,Bogotá,200,multi,1,soleado,24,1,wifi,0.957,0.72,Movistar
186.119.95.174,7/31/2021 9:07,GMT,11.3,0.83,191,Madrid,5100,multi,1,parcialmente nublado,18,1,cable,1.13,0.83,Movistar
186.119.95.174,7/31/2021 9:04,GMT,11.4,0.79,41,Medellín,100,multi,1,parcialmente nublado,18,1,cable,1.14,0.79,Movistar
186.119.95.174,7/31/2021 9:00,GMT,11.4,0.82,36,Bogotá,200,multi,1,parcialmente nublado,18,1,cable,1.14,0.82,Movistar
186.119.83.127,7/31/2021 9:06,GMT,11.07,0.79,197,Madrid,5100,multi,1,parcialmente nublado,18,1,wifi,1.107,0.79,Movistar
186.119.83.127,7/31/2021 9:03,GMT,4.94,0.79,41,Medellín,100,multi,1,parcialmente nublado,18,1,wifi,0.494,0.79,Movistar
186.119.83.127,7/31/2021 9:00,GMT,9.11,0.69,37,Bogotá,200,multi,1,parcialmente nublado,18,1,wifi,0.911,0.69,Movistar
186.119.95.174,7/30/2021 19:08,GMT,10.67,0.77,195,Madrid,5100,multi,1,muy nublado,16,1,cable,1.067,0.77,Movistar
186.119.95.174,7/30/2021 19:05,GMT,8.06,0.76,47,Medellín,100,multi,1,muy nublado,16,1,cable,0.806,0.76,Movistar
186.119.95.174,7/30/2021 19:01,GMT,9.19,0.79,37,Bogotá,200,multi,1,muy nublado,16,1,cable,0.919,0.79,Movistar
186.119.83.127,7/30/2021 19:07,GMT,5.59,0.79,200,Madrid,5100,multi,1,muy nublado,16,1,wifi,0.559,0.79,Movistar
186.119.83.127,7/30/2021 19:04,GMT,11.16,0.81,47,Medellín,100,multi,1,muy nublado,16,1,wifi,1.116,0.81,Movistar
186.119.83.127,7/30/2021 19:02,GMT,11.16,0.84,36,Bogotá,200,multi,1,muy nublado,16,1,wifi,1.116,0.84,Movistar
186.119.95.174,7/30/2021 14:08,GMT,4.99,0.76,192,Madrid,5100,multi,1,parcialmente nublado,22,1,cable,0.499,0.76,Movistar
186.119.95.174,7/30/2021 14:04,GMT,9.04,0.79,46,Medellín,100,multi,1,parcialmente nublado,22,1,cable,0.904,0.79,Movistar
186.119.95.174,7/30/2021 14:00,GMT,11.29,0.81,37,Bogotá,200,multi,1,parcialmente nublado,22,1,cable,1.129,0.81,Movistar
186.119.83.127,7/30/2021 14:06,GMT,7.17,0.75,196,Madrid,5100,multi,1,parcialmente nublado,22,1,wifi,0.717,0.75,Movistar
186.119.83.127,7/30/2021 14:03,GMT,88.8,0.8,41,Medellín,100,multi,1,parcialmente nublado,22,1,wifi,8.88,0.8,Movistar
186.119.83.127,7/30/2021 14:00,GMT,10.99,0.75,36,Bogotá,200,multi,1,parcialmente nublado,22,1,wifi,1.099,0.75,Movistar
186.119.95.174,7/30/2021 9:07,GMT,11.3,0.78,206,Madrid,5100,multi,1,miuy nublado,18,1,cable,1.13,0.78,Movistar
186.119.95.174,7/30/2021 9:04,GMT,11.3,0.75,40,Medellín,100,multi,1,miuy nublado,18,1,cable,1.13,0.75,Movistar
186.119.95.174,7/30/2021 9:00,GMT,11.2,0.75,36,Bogotá,200,multi,1,miuy nublado,18,1,cable,1.12,0.75,Movistar
186.119.83.127,7/30/2021 9:05,GMT,9.44,0.8,200,Madrid,5100,multi,1,muy nublado,18,1,wifi,0.944,0.8,Movistar
186.119.83.127,7/30/2021 9:02,GMT,11.23,0.78,40,Medellín,100,multi,1,muy nublado,18,1,wifi,1.123,0.78,Movistar
186.119.83.127,7/30/2021 9:00,GMT,10.65,0.66,37,Bogotá,200,multi,1,muy nublado,18,1,wifi,1.065,0.66,Movistar
186.119.95.174,7/29/2021 19:06,GMT,10.2,0.75,190,Madrid,5100,multi,1,lluvia debil,14,1,cable,1.02,0.75,Movistar
186.119.95.174,7/29/2021 19:04,GMT,10.9,0.84,41,Medellín,100,multi,1,lluvia debil,14,1,cable,1.09,0.84,Movistar
186.119.95.174,7/29/2021 19:01,GMT,11.1,0.68,37,Bogotá,200,multi,1,lluvia debil,14,1,cable,1.11,0.68,Movistar
186.119.83.127,7/29/2021 19:07,GMT,7.47,0.45,188,Madrid,5100,multi,1,lluvia debil,14,1,wifi,0.747,0.45,Movistar
186.119.83.127,7/29/2021 19:05,GMT,6.28,0.47,40,Medellín,100,multi,1,lluvia debil,14,1,wifi,0.628,0.47,Movistar
186.119.83.127,7/29/2021 19:00,GMT,3.85,0.67,36,Bogotá,200,multi,1,lluvia debil,14,1,wifi,0.385,0.67,Movistar
186.119.95.174,7/29/2021 14:07,GMT,8.87,0.73,194,Madrid,5100,multi,1,muy nublado,20,1,cable,0.887,0.73,Movistar
186.119.95.174,7/29/2021 14:04,GMT,8.88,0.72,41,Medellín,100,multi,1,muy nublado,20,1,cable,0.888,0.72,Movistar
186.119.95.174,7/29/2021 14:01,GMT,4.85,0.4,39,Bogotá,200,multi,1,muy nublado,20,1,cable,0.485,0.4,Movistar
186.119.83.127,7/29/2021 14:06,GMT,7.47,0.79,193,Madrid,5100,multi,1,muy nublado,20,1,wifi,0.747,0.79,Movistar
186.119.83.127,7/29/2021 14:03,GMT,11.35,0.73,40,Medellín,100,multi,1,muy nublado,20,1,wifi,1.135,0.73,Movistar
186.119.83.127,7/29/2021 14:00,GMT,11.2,0.76,36,Bogotá,200,multi,1,muy nublado,20,1,wifi,1.12,0.76,Movistar
186.119.95.174,7/29/2021 9:07,GMT,9.63,0.31,196,Madrid,5100,multi,1,muy nublado,17,1,cable,0.963,0.31,Movistar
186.119.95.174,7/29/2021 9:04,GMT,4.82,0.29,41,Medellín,100,multi,1,muy nublado,17,1,cable,0.482,0.29,Movistar
186.119.95.174,7/29/2021 9:00,GMT,9.05,0.64,37,Bogotá,200,multi,1,muy nublado,17,1,cable,0.905,0.64,Movistar
186.119.83.127,7/29/2021 9:05,GMT,7.86,0.79,196,Madrid,5100,multi,1,muy nublado,17,1,wifi,0.786,0.79,Movistar
186.119.83.127,7/29/2021 9:03,GMT,11.34,0.81,36,Medellín,100,multi,1,muy nublado,17,1,wifi,1.134,0.81,Movistar
186.119.83.127,7/29/2021 9:00,GMT,4.76,0.77,39,Bogotá,200,multi,1,muy nublado,17,1,wifi,0.476,0.77,Movistar
186.119.95.174,7/28/2021 19:07,GMT,11.5,0.75,200,Madrid,5100,multi,1,nublado,16,1,cable,1.15,0.75,Movistar
186.119.95.174,7/28/2021 19:03,GMT,11.4,0.85,70,Medellín,100,multi,1,nublado,16,1,cable,1.14,0.85,Movistar
186.119.95.174,7/28/2021 19:00,GMT,11.4,0.84,40,Bogotá,200,multi,1,nublado,16,1,cable,1.14,0.84,Movistar
186.119.83.127,7/28/2021 19:06,GMT,8.62,0.45,205,Madrid,5100,multi,1,nublado,16,1,wifi,0.862,0.45,Movistar
186.119.83.127,7/28/2021 19:04,GMT,9.21,0.79,47,Medellín,100,multi,1,nublado,16,1,wifi,0.921,0.79,Movistar
186.119.83.127,7/28/2021 19:01,GMT,11.4,0.8,36,Bogotá,200,multi,1,nublado,16,1,wifi,1.14,0.8,Movistar
186.119.95.174,7/28/2021 14:07,GMT,11.3,0.75,206,Madrid,5100,multi,1,muy nublado,20,1,cable,1.13,0.75,Movistar
186.119.95.174,7/28/2021 14:04,GMT,10.7,0.82,40,Medellín,100,multi,1,muy nublado,20,1,cable,1.07,0.82,Movistar
186.119.95.174,7/28/2021 14:00,GMT,11.3,0.81,36,Bogotá,200,multi,1,muy nublado,20,1,cable,1.13,0.81,Movistar
186.119.83.127,7/28/2021 14:06,GMT,11.2,0.83,196,Madrid,5100,multi,1,muy nublado,20,1,wifi,1.12,0.83,Movistar
186.119.83.127,7/28/2021 14:03,GMT,9.19,0.78,44,Medellín,100,multi,1,muy nublado,20,1,wifi,0.919,0.78,Movistar
186.119.83.127,7/28/2021 14:00,GMT,8.93,0.43,37,Bogotá,200,multi,1,muy nublado,20,1,wifi,0.893,0.43,Movistar
186.119.95.174,7/28/2021 9:09,GMT,10.5,0.79,192,Madrid,5100,multi,1,muy nublado,17,1,cable,1.05,0.79,Movistar
186.119.95.174,7/28/2021 9:04,GMT,11.5,0.79,40,Medellín,100,multi,1,muy nublado,17,1,cable,1.15,0.79,Movistar
186.119.95.174,7/28/2021 9:00,GMT,11.3,0.86,38,Bogotá,200,multi,1,muy nublado,17,1,cable,1.13,0.86,Movistar
186.119.83.127,7/28/2021 9:07,GMT,4.69,0.59,193,Madrid,5100,multi,1,muy nublado,17,1,wifi,0.469,0.59,Movistar
186.119.83.127,7/28/2021 9:03,GMT,9.93,0.51,41,Medellín,100,multi,1,muy nublado,17,1,wifi,0.993,0.51,Movistar
186.119.83.127,7/28/2021 9:00,GMT,8.61,0.43,39,Bogotá,200,multi,1,muy nublado,17,1,wifi,0.861,0.43,Movistar
186.119.95.174,7/27/2021 19:08,GMT,10.8,0.79,193,Madrid,5100,multi,1,nublado,14,1,cable,1.08,0.79,Movistar
186.119.95.174,7/27/2021 19:05,GMT,10.6,0.91,47,Medellín,100,multi,1,nublado,14,1,cable,1.06,0.91,Movistar
186.119.95.174,7/27/2021 19:00,GMT,11.4,0.82,37,Bogotá,200,multi,1,nublado,14,1,cable,1.14,0.82,Movistar
186.119.83.127,7/27/2021 18:06,GMT,10.5,0.65,191,Madrid,5100,multi,1,nublado,14,1,wifi,1.05,0.65,Movistar
186.119.83.127,7/27/2021 19:04,GMT,9.13,0.53,46,Medellín,100,multi,1,nublado,14,1,wifi,0.913,0.53,Movistar
186.119.83.127,7/27/2021 19:00,GMT,9.75,0.7,36,Bogotá,200,multi,1,nublado,14,1,wifi,0.975,0.7,Movistar
186.119.95.174,7/27/2021 14:07,GMT,11.4,0.8,197,Madrid,5100,multi,1,nublado,23,1,cable,1.14,0.8,Movistar
186.119.95.174,7/27/2021 14:04,GMT,11.3,0.81,48,Medellín,100,multi,1,nublado,23,1,cable,1.13,0.81,Movistar
186.119.95.174,7/27/2021 14:00,GMT,11.4,0.75,37,Bogotá,200,multi,1,nublado,23,1,cable,1.14,0.75,Movistar
186.119.83.127,7/27/2021 14:03,GMT,11.2,0.76,48,Medellín,100,multi,1,nublado,23,1,wifi,1.12,0.76,Movistar
186.119.83.127,7/27/2021 14:06,GMT,11.4,0.76,188,Madrid,5100,multi,1,nublado,23,1,wifi,1.14,0.76,Movistar
186.119.83.127,7/27/2021 14:00,GMT,9.78,0.73,38,Bogotá,200,multi,1,nublado,23,1,wifi,0.978,0.73,Movistar
